Unnamed: 0,reviews,ratings,prediction probabilities
0,the book is bad,5,[0.02135409 0.02326779 0.03594921 0.13311727 0.78631157]
